From_Bus;To_Bus;Transmission_Capacity;Reactance
3;1;1000;0.052
1;5;800;0.006
7001;1;1000;0.01953
3;2;1000;0.052
2;6;800;0.00900
2;8;800;0.02700
7002;2;1500;0.01460
3;4;1500;0.00500
3;7;800;0.00300
3;19;800;0.06900
3;150;800;0.00700
7003;3;2000;0.01054
4;16;1500;0.01900
7;5;1000;0.03900
5;9;800;0.02900
7;6;1000;0.03900
7;12;800;0.00900
7;131;800;0.00700
8;11;200;0.05950
8;14;800;0.04200
9;11;200;0.02700
10;11;1000;0.08900
12;10;1000;0.05300
11;13;800;0.03400
7011;11;1000;0.01923
12;21;800;0.01500
7012;12;1500;0.03120
13;20;200;0.03400
14;15;800;0.04200
16;15;1000;0.03800
15;17;1000;0.03110
15;37;200;0.24800
15;89;200;0.24800
15;90;200;0.36300
16;42;800;0.02200
7017;17;1000;0.01654
19;21;200;0.01800
19;87;800;0.08000
21;20;1000;0.01400
20;22;200;0.03300
20;27;200;0.18600
21;24;800;0.03400
22;23;800;0.11100
24;23;1000;0.06400
23;25;800;0.03900
7023;23;1000;0.02300
24;319;800;0.06800
7024;24;1000;0.02890
25;26;200;0.07100
26;27;200;0.12000
26;320;200;0.13000
33;34;1000;0.06300
33;38;200;0.01200
33;40;200;0.02900
33;41;200;0.04300
34;42;800;0.00800
36;35;1000;0.04700
35;72;200;0.06000
35;76;800;0.01400
35;77;200;0.02900
36;88;800;0.02700
37;38;200;0.04700
37;40;200;0.06400
37;41;200;0.03600
37;49;800;0.08100
37;89;200;0.25400
37;90;200;0.12700
37;9001;1000;0.00046
38;41;800;0.03700
38;43;200;0.08700
39;42;1000;0.00640
7039;39;1000;0.03159
40;48;200;0.15400
41;42;1000;0.02900
41;49;200;0.19100
41;51;200;0.08900
42;46;1000;0.01400
43;44;200;0.07200
43;48;200;0.26200
43;53;200;0.03900
45;44;1000;0.02000
44;47;800;0.08400
44;54;200;0.08400
7044;44;1000;0.18181
45;46;1000;0.02100
45;60;800;0.04100
45;74;800;0.05400
46;81;800;0.04200
47;73;200;0.14500
47;113;200;0.11800
48;107;200;0.06200
49;51;800;0.09400
7049;49;1000;0.01240
51;52;200;0.10900
52;55;200;0.08000
53;54;200;0.07300
54;55;200;0.10300
55;57;200;0.16900
7055;55;1000;0.19607
57;58;200;0.08000
57;63;200;0.53700
7057;57;1000;0.05347
58;59;200;0.02600
59;61;800;0.01300
60;62;800;0.06500
62;61;1000;0.05900
7061;61;1000;0.02380
62;64;800;0.10500
62;144;800;0.00700
7062;62;1000;0.03214
63;64;1000;0.03800
63;526;800;0.17200
69;79;200;0.15700
201;69;1000;0.09800
69;211;200;0.23200
70;71;200;0.10000
70;528;200;0.12340
71;72;200;0.13100
71;73;200;0.09900
7071;71;1000;0.06896
72;77;200;0.08700
72;531;200;0.19300
73;74;1000;0.02440
73;76;200;0.05700
73;79;200;0.05200
74;88;200;0.02700
74;562;200;0.20130
76;77;200;0.04300
77;78;800;0.00600
77;80;200;0.07000
77;552;200;0.26760
77;609;200;0.21270
78;79;200;0.02200
78;84;1000;0.03600
79;211;200;0.37500
80;211;200;0.10700
81;88;1000;0.02000
81;194;800;0.03300
81;195;800;0.03300
85;86;800;0.06400
85;99;1000;0.04800
86;87;800;0.09300
86;102;1000;0.04800
86;323;200;0.04800
87;94;1000;0.04600
89;91;200;0.11900
90;92;200;0.17400
91;94;200;0.25300
91;97;800;0.07700
92;103;800;0.14400
92;105;800;0.09200
94;97;200;0.42700
97;100;200;0.05300
97;102;200;0.09200
97;103;200;0.12200
98;100;200;0.06400
98;102;200;0.12100
99;107;200;0.13500
99;108;200;0.00400
99;109;200;0.35400
99;110;200;0.17400
100;102;200;0.03800
102;104;200;0.06400
103;105;200;0.06200
104;108;200;0.13000
104;322;200;0.12400
105;107;200;0.08800
105;110;200;0.40000
108;324;200;0.20800
109;110;200;0.18400
109;113;200;0.27400
109;114;200;0.39300
110;112;200;0.40400
112;114;200;0.04200
114;207;1000;0.14900
121;115;1000;0.02800
115;122;200;0.01990
116;120;800;0.10490
116;124;800;0.01740
117;118;1000;0.00180
159;117;1000;0.01600
118;119;1500;0.02710
118;121;1000;0.29150
118;1201;1000;0.61630
119;120;1500;0.03390
119;121;1000;0.05820
1201;120;1000;0.36970
122;123;200;0.23440
122;125;200;0.36690
122;157;1000;0.01950
123;124;200;0.10760
123;125;200;0.14140
160;124;1000;0.03960
125;126;800;0.01970
126;127;800;0.04050
126;129;800;0.11060
126;132;800;0.16880
126;157;200;0.05000
126;158;200;0.05380
126;169;800;0.11570
127;128;800;0.05770
127;134;800;0.03360
127;168;800;0.05770
128;130;800;0.07730
128;133;200;0.01930
129;130;800;0.07520
129;133;800;0.01860
130;131;1000;0.01800
130;132;800;0.01640
130;150;1000;0.01400
130;151;800;0.01650
130;167;800;0.07930
130;168;800;0.07840
7130;130;2000;0.01930
132;170;1000;0.04020
133;137;1500;0.01170
133;168;200;0.01930
133;169;800;0.01860
133;171;1500;0.01010
134;135;200;0.02930
134;184;200;0.03810
135;136;800;0.06230
136;137;200;0.08900
136;152;800;0.03900
137;140;800;0.01140
163;137;1000;0.03840
137;181;800;0.00340
137;186;800;0.01510
137;188;800;0.00340
181;138;1000;0.02020
188;138;1000;0.02020
139;172;200;0.22480
182;139;1000;0.01310
7139;139;1500;0.01670
140;141;200;0.08360
140;142;200;0.11320
140;145;200;0.33690
140;146;200;0.30310
140;147;200;0.34920
140;182;800;0.00890
141;146;200;0.22670
141;174;1000;0.06030
142;143;800;0.05700
142;175;1000;0.04980
143;144;1000;0.08330
143;145;800;0.07730
143;148;1000;0.03710
143;149;200;0.09090
145;146;800;0.05880
145;149;200;0.15110
145;180;1000;0.01820
146;147;800;0.05040
148;178;800;0.15260
148;179;200;0.39190
151;170;1000;0.03920
152;153;200;0.09570
153;161;800;0.02880
153;183;1000;0.06390
154;156;200;0.31610
154;183;200;0.30540
155;156;1000;0.02560
155;161;200;0.05680
164;155;1000;0.02310
157;159;800;0.00980
158;159;800;0.02850
158;160;200;0.04480
162;164;800;0.03260
162;165;800;0.02450
163;164;800;0.05140
165;166;800;0.01230
7166;166;1000;0.01540
167;169;800;0.01780
172;173;200;0.48430
172;174;200;0.22100
173;174;200;0.33310
173;175;200;0.30710
173;176;200;0.50170
175;176;200;0.36260
175;179;200;0.30920
176;177;800;0.08290
177;178;800;0.08470
178;179;200;0.18550
178;180;800;0.02900
181;187;1000;0.00830
184;185;800;0.02450
186;188;1000;0.00860
187;188;800;0.00860
189;208;200;0.09500
189;209;200;0.06900
189;210;1000;0.25200
229;190;1000;0.06260
190;231;1000;0.00220
190;240;1000;0.02750
191;192;1500;0.04800
225;191;1500;0.06100
192;225;200;0.00900
193;196;1000;0.23700
193;205;200;0.06300
193;208;200;0.12700
194;219;800;0.02860
194;664;800;0.03550
195;212;1000;0.03660
195;219;800;0.02860
196;197;200;0.04000
196;210;200;0.08100
196;2040;1000;0.02000
197;198;800;0.06000
197;211;200;0.04000
198;202;200;0.68800
198;203;200;0.04600
209;198;1000;0.21100
198;210;800;0.07300
198;211;200;0.10900
199;200;200;0.13500
199;210;200;0.10200
200;210;200;0.12800
200;248;1000;0.22000
201;204;200;0.18300
202;211;1000;0.12800
203;211;200;0.05900
204;205;200;0.06800
204;2040;1000;0.20400
205;206;200;0.44600
206;207;200;0.09300
206;208;200;0.42100
211;212;1000;0.01220
212;215;200;0.07780
213;214;800;0.03800
214;215;800;0.01850
214;242;200;0.01080
215;216;800;0.02490
216;217;800;0.04970
217;218;1000;0.04560
217;219;800;0.01770
217;220;800;0.03950
218;219;1000;0.03540
220;218;800;0.04840
219;237;800;0.00180
220;221;800;0.02950
220;238;800;0.00460
221;223;800;0.00130
222;237;800;0.05140
223;224;1000;0.01950
224;225;800;0.06400
224;226;800;0.00810
226;231;800;0.02120
227;231;800;0.04720
228;229;800;0.00870
228;231;200;0.09170
228;234;200;0.02880
229;230;1000;0.03320
231;232;1000;0.00690
231;237;1500;0.00060
232;233;1000;0.04850
234;235;1000;0.02590
234;236;1500;0.01600
234;237;800;0.02720
235;238;800;0.00060
241;237;1000;0.01540
238;239;1000;0.01600
240;281;800;0.00430
242;245;800;0.08510
242;247;800;0.07230
243;244;200;0.03550
243;245;200;0.18040
244;246;200;0.05510
245;246;200;0.07320
245;247;200;0.21190
246;247;200;0.12850
247;248;200;0.12150
248;249;200;0.10040
249;250;200;0.18570
9001;9005;800;0.00348
9001;9006;1000;0.43682
9001;9012;1000;0.64898
9012;9002;200;0.43286
9012;9002;200;0.43286
9002;9021;200;0.07026
9002;9024;200;3.22020
9006;9003;200;0.49332
9006;9003;200;0.49332
9007;9003;200;0.24666
9003;9031;200;4.67240
9003;9032;200;4.88460
9003;9033;200;4.80560
9003;9034;200;1.39120
9003;9035;200;3.45720
9003;9036;200;1.67290
9003;9037;200;2.57120
9003;9038;200;2.96680
9003;9044;20;0.06352
9004;9041;200;2.45600
9004;9042;200;5.45360
9004;9043;200;1.69940
9044;9004;20;0.02894
9005;9051;1000;0.37486
9005;9052;1000;0.37486
9005;9053;1000;0.38046
9005;9054;1000;0.15200
9005;9055;1000;0.80000
9006;9007;200;0.24666
9007;9071;200;2.96680
9007;9072;200;2.05700
9012;9121;200;0.99036
9021;9022;200;2.81520
9021;9023;20;0.95278
9023;9025;200;3.94400
9023;9026;200;3.61520
9053;9533;1000;0.75000
119;1190;1000;0.023
120;1200;1000;0.023